{"count":1,"self":61.660518399999994,"total":63.5394717,"children":{"InitializeActuators":{"count":4,"self":0.0010000999999999999,"total":0.0010000999999999999,"children":null},"InitializeSensors":{"count":4,"self":0.0010003,"total":0.0010003,"children":null},"AgentSendState":{"count":4251,"self":0.0260046,"total":0.20390609999999998,"children":{"CollectObservations":{"count":3404,"self":0.15589989999999998,"total":0.15589989999999998,"children":null},"WriteActionMask":{"count":3404,"self":0.0069977,"total":0.0069977,"children":null},"RequestDecision":{"count":3404,"self":0.015003899999999999,"total":0.015003899999999999,"children":null}}},"DecideAction":{"count":4251,"self":1.5153123,"total":1.5153123,"children":null},"AgentAct":{"count":4251,"self":0.15773389999999998,"total":0.15773389999999998,"children":null}},"gauges":{"Walker.CumulativeReward":{"count":8,"max":1387.90259,"min":105.201355,"runningAverage":906.559753,"value":1174.46143,"weightedAverage":1024.13806}},"metadata":{"timer_format_version":"0.1.0","start_time_seconds":"1743278183","unity_version":"2022.3.4f1","command_line_arguments":"C:\\Program Files\\Unity\\Hub\\Editor\\2022.3.4f1\\Editor\\Unity.exe -projectpath E:\\UnityML\\MyML\\UnityMlStart -useHub -hubIPC -cloudEnvironment production","communication_protocol_version":"1.5.0","com.unity.ml-agents_version":"3.0.0-exp.1","scene_name":"RunningDemo","end_time_seconds":"1743278246"}}