{"count":1,"self":166.16381439999998,"total":170.94977419999998,"children":{"InitializeActuators":{"count":8,"self":0.0010004,"total":0.0010004,"children":null},"InitializeSensors":{"count":8,"self":0.0010004999999999999,"total":0.0010004999999999999,"children":null},"AgentSendState":{"count":12349,"self":0.0770753,"total":0.87440279999999992,"children":{"CollectObservations":{"count":19760,"self":0.74172379999999993,"total":0.74172379999999993,"children":null},"WriteActionMask":{"count":19760,"self":0.013003899999999999,"total":0.013003899999999999,"children":null},"RequestDecision":{"count":19760,"self":0.0425998,"total":0.0425998,"children":null}}},"DecideAction":{"count":12349,"self":3.0612071999999997,"total":3.0612073,"children":null},"AgentAct":{"count":12349,"self":0.8483527,"total":0.8483527,"children":null}},"gauges":{"Walker.CumulativeReward":{"count":451,"max":2325.645,"min":-2,"runningAverage":70.16267,"value":47.4757233,"weightedAverage":45.4865265}},"metadata":{"timer_format_version":"0.1.0","start_time_seconds":"1736030839","unity_version":"2022.3.4f1","command_line_arguments":"C:\\Program Files\\Unity\\Hub\\Editor\\2022.3.4f1\\Editor\\Unity.exe -projectpath E:\\UnityML\\MyML\\UnityMlStart -useHub -hubIPC -cloudEnvironment production","communication_protocol_version":"1.5.0","com.unity.ml-agents_version":"3.0.0-exp.1","scene_name":"TrainingScene","end_time_seconds":"1736031010"}}