{"count":1,"self":1954.4621055999999,"total":8031.3346840999993,"children":{"InitializeActuators":{"count":8,"self":0.0009999,"total":0.0009999,"children":null},"InitializeSensors":{"count":8,"self":0.0010002,"total":0.0010002,"children":null},"AgentSendState":{"count":3638860,"self":16.243673599999997,"total":243.3215627,"children":{"CollectObservations":{"count":5822176,"self":157.33521919999998,"total":157.3352205,"children":null},"WriteActionMask":{"count":5822176,"self":2.5702114,"total":2.5702114,"children":null},"RequestDecision":{"count":5822176,"self":9.1506472,"total":67.1724577,"children":{"AgentInfo.ToProto":{"count":5822176,"self":8.7328663999999989,"total":58.0218103,"children":{"GenerateSensorData":{"count":5822176,"self":49.288944,"total":49.288943599999996,"children":null}}}}}}},"DecideAction":{"count":3638860,"self":5629.0869248,"total":5629.0868296,"children":null},"AgentAct":{"count":3638860,"self":204.093952,"total":204.19829629999998,"children":{"AgentInfo.ToProto":{"count":5003,"self":0.026007799999999998,"total":0.10434879999999999,"children":{"GenerateSensorData":{"count":5003,"self":0.078341,"total":0.078341,"children":null}}}}},"AgentInfo.ToProto":{"count":14892,"self":0.0651513,"total":0.26387109999999997,"children":{"GenerateSensorData":{"count":14892,"self":0.1987198,"total":0.1987198,"children":null}}}},"gauges":{"Walker.CumulativeReward":{"count":19895,"max":2263.00073,"min":-2,"runningAverage":287.062,"value":1164.21155,"weightedAverage":327.1885}},"metadata":{"timer_format_version":"0.1.0","start_time_seconds":"1735000635","unity_version":"2022.3.4f1","command_line_arguments":"C:\\Program Files\\Unity\\Hub\\Editor\\2022.3.4f1\\Editor\\Unity.exe -projectpath E:\\UnityML\\MyML\\UnityMlStart -useHub -hubIPC -cloudEnvironment production","communication_protocol_version":"1.5.0","com.unity.ml-agents_version":"3.0.0-exp.1","scene_name":"TrainingScene","end_time_seconds":"1735008666"}}