{"count":1,"self":536.1411072,"total":1624.2797295,"children":{"InitializeActuators":{"count":12,"self":0.0020003,"total":0.0020003,"children":null},"InitializeSensors":{"count":12,"self":0.0010000999999999999,"total":0.0010000999999999999,"children":null},"AgentSendState":{"count":427082,"self":3.1169195999999997,"total":49.1241577,"children":{"CollectObservations":{"count":1025004,"self":32.1224832,"total":32.1224838,"children":null},"WriteActionMask":{"count":1025004,"self":0.5442949,"total":0.5442949,"children":null},"RequestDecision":{"count":1025004,"self":1.8580295999999998,"total":13.3404595,"children":{"AgentInfo.ToProto":{"count":1025004,"self":1.7403317999999999,"total":11.482429999999999,"children":{"GenerateSensorData":{"count":1025004,"self":9.7420984,"total":9.7420982,"children":null}}}}}}},"DecideAction":{"count":427082,"self":996.2932224,"total":996.2932429,"children":null},"AgentAct":{"count":427082,"self":42.0299392,"total":42.0299392,"children":null},"AgentInfo.ToProto":{"count":30645,"self":0.1924572,"total":0.6882664,"children":{"GenerateSensorData":{"count":30645,"self":0.49580919999999995,"total":0.49580919999999995,"children":null}}}},"gauges":{"Walker.CumulativeReward":{"count":30645,"max":426.51358,"min":-2,"runningAverage":43.7557,"value":13.3412638,"weightedAverage":26.79672}},"metadata":{"timer_format_version":"0.1.0","start_time_seconds":"1743189659","unity_version":"2022.3.4f1","command_line_arguments":"C:\\Program Files\\Unity\\Hub\\Editor\\2022.3.4f1\\Editor\\Unity.exe -projectpath E:\\UnityML\\MyML\\UnityMlStart -useHub -hubIPC -cloudEnvironment production","communication_protocol_version":"1.5.0","com.unity.ml-agents_version":"3.0.0-exp.1","scene_name":"TrainingScene","end_time_seconds":"1743191283"}}