{"count":1,"self":27.8817216,"total":28.7402685,"children":{"InitializeActuators":{"count":8,"self":0.0010000999999999999,"total":0.0010000999999999999,"children":null},"InitializeSensors":{"count":8,"self":0.0009999,"total":0.0009999,"children":null},"AgentSendState":{"count":1698,"self":0.010100099999999999,"total":0.13164969999999998,"children":{"CollectObservations":{"count":2720,"self":0.0975187,"total":0.0975187,"children":null},"WriteActionMask":{"count":2720,"self":0.0029987,"total":0.0029987,"children":null},"RequestDecision":{"count":2720,"self":0.021032199999999997,"total":0.021032199999999997,"children":null}}},"DecideAction":{"count":1698,"self":0.61202479999999992,"total":0.61202479999999992,"children":null},"AgentAct":{"count":1698,"self":0.11287359999999999,"total":0.11287359999999999,"children":null}},"gauges":{"Walker.CumulativeReward":{"count":96,"max":0.25708425,"min":-2,"runningAverage":-1.605091,"value":-2,"weightedAverage":-1.77052188}},"metadata":{"timer_format_version":"0.1.0","start_time_seconds":"1730399785","unity_version":"2022.3.4f1","command_line_arguments":"C:\\Program Files\\Unity\\Hub\\Editor\\2022.3.4f1\\Editor\\Unity.exe -projectPath E:\\UnityML\\MyML\\UnityMlStart","communication_protocol_version":"1.5.0","com.unity.ml-agents_version":"3.0.0-exp.1","scene_name":"TrainingScene","end_time_seconds":"1730399814"}}